slug,issues,missing_region_title,missing_region_eyebrow,missing_region_hero_sub,missing_region_schema,missing_population,missing_villages
aberaeron,,False,False,False,False,False,False
aberdare,,False,False,False,False,False,False
aberdeen,,False,False,False,False,False,False
aberfeldy,,False,False,False,False,False,False
abergavenny,,False,False,False,False,False,False
aberlour,,False,False,False,False,False,False
abersoch,,False,False,False,False,False,False
abertillery,,False,False,False,False,False,False
aberystwyth,,False,False,False,False,False,False
abingdon,,False,False,False,False,False,False
accrington,,False,False,False,False,False,False
acton,,False,False,False,False,False,False
adwick-le-street,,False,False,False,False,False,False
airdrie,,False,False,False,False,False,False
aldershot,,False,False,False,False,False,False
aldridge,,False,False,False,False,False,False
alexandria,,False,False,False,False,False,False
alford,,False,False,False,False,False,False
alfreton,,False,False,False,False,False,False
alloa,,False,False,False,False,False,False
alness,,False,False,False,False,False,False
alnmouth,,False,False,False,False,False,False
alnwick,,False,False,False,False,False,False
alresford,,False,False,False,False,False,False
alston,,False,False,False,False,False,False
alton,,False,False,False,False,False,False
altrincham,,False,False,False,False,False,False
alva,,False,False,False,False,False,False
ambleside,,False,False,False,False,False,False
amersham,,False,False,False,False,False,False
ammanford,,False,False,False,False,False,False
andover,,False,False,False,False,False,False
annan,,False,False,False,False,False,False
annfield-plain,,False,False,False,False,False,False
anstruther,,False,False,False,False,False,False
antrim,,False,False,False,False,False,False
appleby,,False,False,False,False,False,False
arbroath,,False,False,False,False,False,False
ardglass,,False,False,False,False,False,False
armagh,,False,False,False,False,False,False
arran,,False,False,False,False,False,False
arundel,,False,False,False,False,False,False
arundel-town,,False,False,False,False,False,False
ashby-de-la-zouch,,False,False,False,False,False,False
ashford-kent,,False,False,False,False,False,False
ashington,,False,False,False,False,False,False
ashton-under-lyne,,False,False,False,False,False,False
attleborough,,False,False,False,False,False,False
auchterarder,,False,False,False,False,False,False
aviemore,,False,False,False,False,False,False
axminster,,False,False,False,False,False,False
aylesbury,,False,False,False,False,False,False
ayr,,False,False,False,False,False,False
bacup,,False,False,False,False,False,False
bala,,False,False,False,False,False,False
baldock,,False,False,False,False,False,False
balfron,,False,False,False,False,False,False
balham,,False,False,False,False,False,False
ballater,,False,False,False,False,False,False
ballycastle,,False,False,False,False,False,False
ballycastle-town,,False,False,False,False,False,False
ballymena,,False,False,False,False,False,False
ballynahinch,,False,False,False,False,False,False
banbridge,,False,False,False,False,False,False
banff,,False,False,False,False,False,False
bangor-ni,,False,False,False,False,False,False
bangor-wales,,False,False,False,False,False,False
bargoed,,False,False,False,False,False,False
barking,,False,False,False,False,False,False
barmouth,,False,False,False,False,False,False
barnard-castle,,False,False,False,False,False,False
barnard-castle-town,,False,False,False,False,False,False
barnburgh,,False,False,False,False,False,False
barnoldswick,,False,False,False,False,False,False
barnsley,,False,False,False,False,False,False
barnstaple,,False,False,False,False,False,False
barrow-in-furness,,False,False,False,False,False,False
barrow-in-furness-town,,False,False,False,False,False,False
barry,,False,False,False,False,False,False
basingstoke,,False,False,False,False,False,False
bath,,False,False,False,False,False,False
bathgate,,False,False,False,False,False,False
batley,,False,False,False,False,False,False
battle,,False,False,False,False,False,False
beaminster,,False,False,False,False,False,False
bearsden,,False,False,False,False,False,False
beauly,,False,False,False,False,False,False
beccles,,False,False,False,False,False,False
beckenham,,False,False,False,False,False,False
bedale,,False,False,False,False,False,False
bedford,,False,False,False,False,False,False
bedlington,,False,False,False,False,False,False
belford,,False,False,False,False,False,False
belper,,False,False,False,False,False,False
bentley-yorkshire,,False,False,False,False,False,False
berkhamsted,,False,False,False,False,False,False
berwick-upon-tweed,,False,False,False,False,False,False
bethnal-green,,False,False,False,False,False,False
betws-y-coed,,False,False,False,False,False,False
beverley,,False,False,False,False,False,False
bexhill-on-sea,,False,False,False,False,False,False
bexley,,False,False,False,False,False,False
bicester,,False,False,False,False,False,False
bideford,,False,False,False,False,False,False
biggar,,False,False,False,False,False,False
biggleswade,,False,False,False,False,False,False
billingham,,False,False,False,False,False,False
bilston,,False,False,False,False,False,False
bingham,,False,False,False,False,False,False
bingley,,False,False,False,False,False,False
birkenhead,,False,False,False,False,False,False
birmingham,title_empty_region; eyebrow_empty_region; hero_sub_empty_region; schema_empty_region; population_empty,True,True,True,True,True,False
birstall,,False,False,False,False,False,False
bishop-auckland,,False,False,False,False,False,False
bishopbriggs,,False,False,False,False,False,False
bishops-stortford,,False,False,False,False,False,False
blaby,,False,False,False,False,False,False
blackburn,,False,False,False,False,False,False
blackpool,,False,False,False,False,False,False
blaenau-ffestiniog,,False,False,False,False,False,False
blaenavon,,False,False,False,False,False,False
blairgowrie,,False,False,False,False,False,False
blairgowrie-area,,False,False,False,False,False,False
blandford,,False,False,False,False,False,False
blandford-forum,,False,False,False,False,False,False
blaydon,,False,False,False,False,False,False
bloxwich,,False,False,False,False,False,False
blyth,,False,False,False,False,False,False
bodmin,,False,False,False,False,False,False
bognor-regis,,False,False,False,False,False,False
bognor-regis-town,,False,False,False,False,False,False
bolton,,False,False,False,False,False,False
bootle,,False,False,False,False,False,False
bordon,,False,False,False,False,False,False
bordon-town,,False,False,False,False,False,False
boroughbridge,,False,False,False,False,False,False
bourne,,False,False,False,False,False,False
bournemouth,,False,False,False,False,False,False
bow,,False,False,False,False,False,False
brackley,,False,False,False,False,False,False
bracknell,,False,False,False,False,False,False
bradford,,False,False,False,False,False,False
braemar,,False,False,False,False,False,False
braintree,,False,False,False,False,False,False
brampton,,False,False,False,False,False,False
brandon-county-durham,,False,False,False,False,False,False
brechin,,False,False,False,False,False,False
brecon,,False,False,False,False,False,False
brentwood,,False,False,False,False,False,False
bridge-of-allan,,False,False,False,False,False,False
bridgend,,False,False,False,False,False,False
bridgnorth,,False,False,False,False,False,False
bridgwater,,False,False,False,False,False,False
bridlington,,False,False,False,False,False,False
bridport,,False,False,False,False,False,False
brierfield,,False,False,False,False,False,False
brighouse,,False,False,False,False,False,False
brighton,title_empty_region; eyebrow_empty_region; hero_sub_empty_region; schema_empty_region,True,True,True,True,False,False
bristol,,False,False,False,False,False,False
brixham,,False,False,False,False,False,False
brixton,,False,False,False,False,False,False
brodick,,False,False,False,False,False,False
bromley,,False,False,False,False,False,False
bromsgrove,,False,False,False,False,False,False
brownhills,,False,False,False,False,False,False
buckfastleigh,,False,False,False,False,False,False
buckhurst-hill,,False,False,False,False,False,False
buckie,,False,False,False,False,False,False
bude,,False,False,False,False,False,False
budleigh-salterton,,False,False,False,False,False,False
builth-wells,,False,False,False,False,False,False
builth-wells-area,,False,False,False,False,False,False
burford,,False,False,False,False,False,False
burgess-hill,,False,False,False,False,False,False
burnham-on-crouch,,False,False,False,False,False,False
burnham-on-sea,,False,False,False,False,False,False
burnley,,False,False,False,False,False,False
burton-upon-trent,,False,False,False,False,False,False
bury-gm,,False,False,False,False,False,False
bury-st-edmunds,,False,False,False,False,False,False
bushmills,,False,False,False,False,False,False
buxton,,False,False,False,False,False,False
caernarfon,,False,False,False,False,False,False
caerphilly,,False,False,False,False,False,False
callander,,False,False,False,False,False,False
callander-town,,False,False,False,False,False,False
calne,,False,False,False,False,False,False
cambridge,,False,False,False,False,False,False
camden,,False,False,False,False,False,False
campbeltown,,False,False,False,False,False,False
canary-wharf,,False,False,False,False,False,False
cannock,,False,False,False,False,False,False
canterbury,,False,False,False,False,False,False
cardiff,title_empty_region; eyebrow_empty_region; hero_sub_empty_region; schema_empty_region,True,True,True,True,False,False
cardigan,,False,False,False,False,False,False
carlisle,,False,False,False,False,False,False
carmarthen,,False,False,False,False,False,False
carnforth,,False,False,False,False,False,False
carnlough,,False,False,False,False,False,False
carnoustie,,False,False,False,False,False,False
carrickfergus,,False,False,False,False,False,False
carshalton,,False,False,False,False,False,False
castle-cary,,False,False,False,False,False,False
castle-douglas,,False,False,False,False,False,False
castle-douglas-town,,False,False,False,False,False,False
castlederg,,False,False,False,False,False,False
castleford,,False,False,False,False,False,False
castlerock,,False,False,False,False,False,False
castlewellan,,False,False,False,False,False,False
catford,,False,False,False,False,False,False
chard,,False,False,False,False,False,False
chatham,,False,False,False,False,False,False
cheddar,,False,False,False,False,False,False
chelmsford,,False,False,False,False,False,False
cheltenham,,False,False,False,False,False,False
chepstow,,False,False,False,False,False,False
chesham,,False,False,False,False,False,False
chester,,False,False,False,False,False,False
chester-le-street,,False,False,False,False,False,False
chesterfield,,False,False,False,False,False,False
chichester,,False,False,False,False,False,False
chippenham,,False,False,False,False,False,False
chipping-campden,,False,False,False,False,False,False
chipping-norton,,False,False,False,False,False,False
chipping-sodbury,,False,False,False,False,False,False
chiswick,,False,False,False,False,False,False
chorley,,False,False,False,False,False,False
christchurch,,False,False,False,False,False,False
cirencester,,False,False,False,False,False,False
clacton-on-sea,,False,False,False,False,False,False
clapham,,False,False,False,False,False,False
clarkston,,False,False,False,False,False,False
cleckheaton,,False,False,False,False,False,False
cleethorpes,,False,False,False,False,False,False
clitheroe,,False,False,False,False,False,False
clitheroe-town,,False,False,False,False,False,False
coalisland,,False,False,False,False,False,False
coalville,,False,False,False,False,False,False
coatbridge,,False,False,False,False,False,False
cockermouth,,False,False,False,False,False,False
cockermouth-town,,False,False,False,False,False,False
colchester,,False,False,False,False,False,False
coleraine,,False,False,False,False,False,False
colne,,False,False,False,False,False,False
colwyn-bay,,False,False,False,False,False,False
comber,,False,False,False,False,False,False
comrie,,False,False,False,False,False,False
congleton,,False,False,False,False,False,False
conisbrough,,False,False,False,False,False,False
consett,,False,False,False,False,False,False
conwy,,False,False,False,False,False,False
cookstown,,False,False,False,False,False,False
corbridge,,False,False,False,False,False,False
corby,,False,False,False,False,False,False
corsham,,False,False,False,False,False,False
cotswolds,,False,False,False,False,False,False
coupar-angus,,False,False,False,False,False,False
coventry,title_empty_region; eyebrow_empty_region; hero_sub_empty_region; schema_empty_region,True,True,True,True,False,False
cramlington,,False,False,False,False,False,False
crawley,,False,False,False,False,False,False
crediton,,False,False,False,False,False,False
crewe,,False,False,False,False,False,False
crickhowell,,False,False,False,False,False,False
crieff,,False,False,False,False,False,False
crook,,False,False,False,False,False,False
cross-hills,,False,False,False,False,False,False
crossford,,False,False,False,False,False,False
crossmaglen,,False,False,False,False,False,False
crowborough,,False,False,False,False,False,False
crowthorne,,False,False,False,False,False,False
croydon,,False,False,False,False,False,False
cullompton,,False,False,False,False,False,False
cumbernauld,,False,False,False,False,False,False
cupar,,False,False,False,False,False,False
cushendall,,False,False,False,False,False,False
cushendun,,False,False,False,False,False,False
cwmbran,,False,False,False,False,False,False
dalbeattie,,False,False,False,False,False,False
dalmally,,False,False,False,False,False,False
dalston,,False,False,False,False,False,False
darlington,,False,False,False,False,False,False
dartford,,False,False,False,False,False,False
dartmouth,,False,False,False,False,False,False
dartmouth-town,,False,False,False,False,False,False
darwen,,False,False,False,False,False,False
daventry,,False,False,False,False,False,False
dawlish,,False,False,False,False,False,False
deal,,False,False,False,False,False,False
denton,,False,False,False,False,False,False
deptford,,False,False,False,False,False,False
derby,,False,False,False,False,False,False
derry,title_empty_region; eyebrow_empty_region; hero_sub_empty_region; schema_empty_region,True,True,True,True,False,False
devizes,,False,False,False,False,False,False
dewsbury,,False,False,False,False,False,False
dingwall,,False,False,False,False,False,False
diss,,False,False,False,False,False,False
diss-town,,False,False,False,False,False,False
dolgellau,,False,False,False,False,False,False
doncaster,,False,False,False,False,False,False
dorchester,,False,False,False,False,False,False
dorking,,False,False,False,False,False,False
dornoch,,False,False,False,False,False,False
doune,,False,False,False,False,False,False
downham-market,,False,False,False,False,False,False
downpatrick,,False,False,False,False,False,False
driffield,,False,False,False,False,False,False
droitwich,,False,False,False,False,False,False
dromore,,False,False,False,False,False,False
droylsden,,False,False,False,False,False,False
drymen,,False,False,False,False,False,False
dudley,,False,False,False,False,False,False
dukinfield,,False,False,False,False,False,False
dumbarton,,False,False,False,False,False,False
dumfries,,False,False,False,False,False,False
dunbar,,False,False,False,False,False,False
dunblane,,False,False,False,False,False,False
dundee,,False,False,False,False,False,False
dunfermline,,False,False,False,False,False,False
dungannon,,False,False,False,False,False,False
dungiven,,False,False,False,False,False,False
dunoon,,False,False,False,False,False,False
durham,title_empty_region; eyebrow_empty_region; hero_sub_empty_region; schema_empty_region,True,True,True,True,False,False
dursley,,False,False,False,False,False,False
ealing,,False,False,False,False,False,False
east-grinstead,,False,False,False,False,False,False
east-ham,,False,False,False,False,False,False
east-kilbride,,False,False,False,False,False,False
eastbourne,,False,False,False,False,False,False
eastleigh,,False,False,False,False,False,False
ebbw-vale,,False,False,False,False,False,False
eckington,,False,False,False,False,False,False
edenbridge,,False,False,False,False,False,False
edinburgh,title_empty_region; eyebrow_empty_region; hero_sub_empty_region; schema_empty_region,True,True,True,True,False,False
edzell,,False,False,False,False,False,False
egremont,,False,False,False,False,False,False
elgin,,False,False,False,False,False,False
elgin-town,,False,False,False,False,False,False
elie,,False,False,False,False,False,False
elland,,False,False,False,False,False,False
ellesmere-port,,False,False,False,False,False,False
ellon,,False,False,False,False,False,False
eltham,,False,False,False,False,False,False
enfield,,False,False,False,False,False,False
enniskillen,,False,False,False,False,False,False
epping,,False,False,False,False,False,False
epsom,,False,False,False,False,False,False
erith,,False,False,False,False,False,False
eston,,False,False,False,False,False,False
evesham,,False,False,False,False,False,False
exeter,,False,False,False,False,False,False
eyemouth,,False,False,False,False,False,False
fakenham,,False,False,False,False,False,False
falkirk,,False,False,False,False,False,False
falkirk-town,,False,False,False,False,False,False
falmouth,,False,False,False,False,False,False
fareham,,False,False,False,False,False,False
faringdon,,False,False,False,False,False,False
farnham,,False,False,False,False,False,False
farnworth,,False,False,False,False,False,False
faversham,,False,False,False,False,False,False
felixstowe,,False,False,False,False,False,False
fence-lancashire,,False,False,False,False,False,False
ferryhill,,False,False,False,False,False,False
filey,,False,False,False,False,False,False
finsbury-park,,False,False,False,False,False,False
fishguard,,False,False,False,False,False,False
fivemiletown,,False,False,False,False,False,False
fleet,,False,False,False,False,False,False
fleetwood,,False,False,False,False,False,False
flint,,False,False,False,False,False,False
flitwick,,False,False,False,False,False,False
folkestone,,False,False,False,False,False,False
fordingbridge,,False,False,False,False,False,False
forest-hill,,False,False,False,False,False,False
forfar,,False,False,False,False,False,False
forfar-town,,False,False,False,False,False,False
forres,,False,False,False,False,False,False
fort-augustus,,False,False,False,False,False,False
fort-william,,False,False,False,False,False,False
fowey,,False,False,False,False,False,False
fraserburgh,,False,False,False,False,False,False
frodsham,,False,False,False,False,False,False
frome,,False,False,False,False,False,False
fulham,,False,False,False,False,False,False
gainsborough,,False,False,False,False,False,False
galashiels,,False,False,False,False,False,False
garstang,,False,False,False,False,False,False
gateshead,,False,False,False,False,False,False
giffnock,,False,False,False,False,False,False
gillingham-kent,,False,False,False,False,False,False
girvan,,False,False,False,False,False,False
glasgow,title_empty_region; eyebrow_empty_region; hero_sub_empty_region; schema_empty_region,True,True,True,True,False,False
glastonbury,,False,False,False,False,False,False
glossop,,False,False,False,False,False,False
gloucester,,False,False,False,False,False,False
godalming,,False,False,False,False,False,False
gosport,,False,False,False,False,False,False
grantham,,False,False,False,False,False,False
grantown-on-spey,,False,False,False,False,False,False
gravesend,,False,False,False,False,False,False
great-dunmow,,False,False,False,False,False,False
great-harwood,,False,False,False,False,False,False
great-yarmouth,,False,False,False,False,False,False
greenock,,False,False,False,False,False,False
greenwich,,False,False,False,False,False,False
gretna,,False,False,False,False,False,False
grimsby,,False,False,False,False,False,False
guildford,title_empty_region; eyebrow_empty_region; hero_sub_empty_region; schema_empty_region,True,True,True,True,False,False
guiseley,,False,False,False,False,False,False
hackney,,False,False,False,False,False,False
hailsham,,False,False,False,False,False,False
halesworth,,False,False,False,False,False,False
halifax,,False,False,False,False,False,False
halstead,,False,False,False,False,False,False
haltwhistle,,False,False,False,False,False,False
hamilton,,False,False,False,False,False,False
hampton,,False,False,False,False,False,False
harlech,,False,False,False,False,False,False
harlow,,False,False,False,False,False,False
harrogate,,False,False,False,False,False,False
harrow,,False,False,False,False,False,False
hartlepool,,False,False,False,False,False,False
harwich,,False,False,False,False,False,False
haslingden,,False,False,False,False,False,False
hastings,,False,False,False,False,False,False
haverfordwest,,False,False,False,False,False,False
haverhill,,False,False,False,False,False,False
hawick,,False,False,False,False,False,False
hawkshead,,False,False,False,False,False,False
hay-on-wye,title_empty_region; eyebrow_empty_region; hero_sub_empty_region; schema_empty_region,True,True,True,True,False,False
hay-on-wye-area,,False,False,False,False,False,False
haywards-heath,,False,False,False,False,False,False
heanor,,False,False,False,False,False,False
hebden-bridge,,False,False,False,False,False,False
helensburgh,,False,False,False,False,False,False
helmsley,,False,False,False,False,False,False
helston,,False,False,False,False,False,False
hemel-hempstead,,False,False,False,False,False,False
henley-on-thames,,False,False,False,False,False,False
hereford,,False,False,False,False,False,False
hertford,,False,False,False,False,False,False
hetton-le-hole,,False,False,False,False,False,False
hexham,,False,False,False,False,False,False
heywood,,False,False,False,False,False,False
high-wycombe,,False,False,False,False,False,False
hinckley,,False,False,False,False,False,False
hitchin,,False,False,False,False,False,False
holbeach,,False,False,False,False,False,False
holt,,False,False,False,False,False,False
holyhead,,False,False,False,False,False,False
holywell,,False,False,False,False,False,False
holywood,,False,False,False,False,False,False
hook-hampshire,,False,False,False,False,False,False
horbury,,False,False,False,False,False,False
horncastle,,False,False,False,False,False,False
hornchurch,,False,False,False,False,False,False
hornsea,,False,False,False,False,False,False
horsham,,False,False,False,False,False,False
houghton-le-spring,,False,False,False,False,False,False
hove,,False,False,False,False,False,False
huddersfield,,False,False,False,False,False,False
hull,,False,False,False,False,False,False
hungerford,,False,False,False,False,False,False
huntingdon,,False,False,False,False,False,False
huntly,,False,False,False,False,False,False
hyde,,False,False,False,False,False,False
ilford,,False,False,False,False,False,False
ilfracombe,,False,False,False,False,False,False
ilkeston,,False,False,False,False,False,False
ilkley,,False,False,False,False,False,False
innerleithen,,False,False,False,False,False,False
invergordon,,False,False,False,False,False,False
inverness,title_empty_region; eyebrow_empty_region; hero_sub_empty_region; schema_empty_region,True,True,True,True,False,False
inverurie,,False,False,False,False,False,False
ipswich,,False,False,False,False,False,False
irlam,,False,False,False,False,False,False
irvinestown,,False,False,False,False,False,False
islington,,False,False,False,False,False,False
ivybridge,,False,False,False,False,False,False
ivybridge-town,,False,False,False,False,False,False
jarrow,,False,False,False,False,False,False
jedburgh,,False,False,False,False,False,False
johnstone,,False,False,False,False,False,False
keady,,False,False,False,False,False,False
keighley,,False,False,False,False,False,False
keith,,False,False,False,False,False,False
kelso,,False,False,False,False,False,False
kendal,,False,False,False,False,False,False
kenilworth,,False,False,False,False,False,False
kesh,,False,False,False,False,False,False
keswick,,False,False,False,False,False,False
kettering,,False,False,False,False,False,False
kidderminster,,False,False,False,False,False,False
kilburn,,False,False,False,False,False,False
kilkeel,,False,False,False,False,False,False
kilmarnock,,False,False,False,False,False,False
kilsyth,,False,False,False,False,False,False
kincardine,,False,False,False,False,False,False
kings-lynn,,False,False,False,False,False,False
kingsbridge,,False,False,False,False,False,False
kingston-upon-thames,,False,False,False,False,False,False
kingussie,,False,False,False,False,False,False
kinross,,False,False,False,False,False,False
kirkby,,False,False,False,False,False,False
kirkby-lonsdale,,False,False,False,False,False,False
kirkby-stephen,,False,False,False,False,False,False
kirkcaldy,,False,False,False,False,False,False
kirkcudbright,,False,False,False,False,False,False
kirkham,,False,False,False,False,False,False
kirkintilloch,,False,False,False,False,False,False
kirriemuir,,False,False,False,False,False,False
knaresborough,,False,False,False,False,False,False
knighton,,False,False,False,False,False,False
knott-end,,False,False,False,False,False,False
knottingley,,False,False,False,False,False,False
lampeter,,False,False,False,False,False,False
lanark,,False,False,False,False,False,False
lancaster,,False,False,False,False,False,False
larbert,,False,False,False,False,False,False
largs,,False,False,False,False,False,False
larne,,False,False,False,False,False,False
launceston,,False,False,False,False,False,False
laurencekirk,,False,False,False,False,False,False
leamington-spa,,False,False,False,False,False,False
leamington-spa-town,,False,False,False,False,False,False
leatherhead,,False,False,False,False,False,False
ledbury,,False,False,False,False,False,False
leeds,title_empty_region; eyebrow_empty_region; hero_sub_empty_region; schema_empty_region,True,True,True,True,False,False
leicester,title_empty_region; eyebrow_empty_region; hero_sub_empty_region; schema_empty_region,True,True,True,True,False,False
leigh,,False,False,False,False,False,False
leighton-buzzard,,False,False,False,False,False,False
leiston,,False,False,False,False,False,False
leominster,,False,False,False,False,False,False
leominster-town,,False,False,False,False,False,False
letchworth,,False,False,False,False,False,False
letchworth-garden-city,,False,False,False,False,False,False
leven,,False,False,False,False,False,False
lewes,,False,False,False,False,False,False
lewisham,,False,False,False,False,False,False
leyburn,,False,False,False,False,False,False
leyland,,False,False,False,False,False,False
lichfield,,False,False,False,False,False,False
lichfield-town,,False,False,False,False,False,False
limavady,,False,False,False,False,False,False
lincoln,,False,False,False,False,False,False
linlithgow,,False,False,False,False,False,False
liphook,,False,False,False,False,False,False
lisburn,,False,False,False,False,False,False
lisnaskea,,False,False,False,False,False,False
liss,,False,False,False,False,False,False
littlehampton,,False,False,False,False,False,False
liverpool,title_empty_region; eyebrow_empty_region; hero_sub_empty_region; schema_empty_region,True,True,True,True,False,False
livingston,,False,False,False,False,False,False
llanberis,,False,False,False,False,False,False
llandovery,,False,False,False,False,False,False
llandrindod-wells,,False,False,False,False,False,False
llandudno,,False,False,False,False,False,False
llanelli,,False,False,False,False,False,False
llanfairfechan,,False,False,False,False,False,False
llangefni,,False,False,False,False,False,False
llangollen,,False,False,False,False,False,False
lochcarron,,False,False,False,False,False,False
lochgilphead,,False,False,False,False,False,False
lockerbie,,False,False,False,False,False,False
london,title_empty_region; eyebrow_empty_region; hero_sub_empty_region; schema_empty_region; population_empty,True,True,True,True,True,False
long-eaton,,False,False,False,False,False,False
longbenton,,False,False,False,False,False,False
longridge,,False,False,False,False,False,False
longton-lancashire,,False,False,False,False,False,False
lostwithiel,,False,False,False,False,False,False
loughborough,,False,False,False,False,False,False
loughborough-town,,False,False,False,False,False,False
louth,,False,False,False,False,False,False
louth-town,,False,False,False,False,False,False
lowestoft,,False,False,False,False,False,False
ludlow,title_empty_region; eyebrow_empty_region; hero_sub_empty_region; schema_empty_region,True,True,True,True,False,False
lurgan,,False,False,False,False,False,False
luton,,False,False,False,False,False,False
lyme-regis,,False,False,False,False,False,False
lymm,,False,False,False,False,False,False
lynton,,False,False,False,False,False,False
lytham-st-annes,,False,False,False,False,False,False
macclesfield,,False,False,False,False,False,False
machynlleth,,False,False,False,False,False,False
machynlleth-town,,False,False,False,False,False,False
maesteg,,False,False,False,False,False,False
maghera,,False,False,False,False,False,False
magherafelt,,False,False,False,False,False,False
maidenhead,,False,False,False,False,False,False
maidstone,,False,False,False,False,False,False
maldon,,False,False,False,False,False,False
mallaig,,False,False,False,False,False,False
malmesbury,,False,False,False,False,False,False
malton,,False,False,False,False,False,False
malvern,,False,False,False,False,False,False
manchester,title_empty_region; eyebrow_empty_region; hero_sub_empty_region; schema_empty_region; population_empty,True,True,True,True,True,False
mansfield,,False,False,False,False,False,False
mapplewell,,False,False,False,False,False,False
march,,False,False,False,False,False,False
margate,,False,False,False,False,False,False
market-bosworth,,False,False,False,False,False,False
market-drayton,,False,False,False,False,False,False
market-harborough,,False,False,False,False,False,False
market-rasen,,False,False,False,False,False,False
marlborough,,False,False,False,False,False,False
marlow,,False,False,False,False,False,False
masham,,False,False,False,False,False,False
matlock,,False,False,False,False,False,False
maybole,,False,False,False,False,False,False
melrose,,False,False,False,False,False,False
melton-mowbray,,False,False,False,False,False,False
mere,,False,False,False,False,False,False
merthyr-tydfil,,False,False,False,False,False,False
mexborough,,False,False,False,False,False,False
middlesbrough,,False,False,False,False,False,False
middlewich,,False,False,False,False,False,False
midhurst,,False,False,False,False,False,False
midsomer-norton,,False,False,False,False,False,False
milford-haven,,False,False,False,False,False,False
millport,,False,False,False,False,False,False
milngavie,,False,False,False,False,False,False
milnthorpe,,False,False,False,False,False,False
milton-keynes,,False,False,False,False,False,False
milton-keynes-south,,False,False,False,False,False,False
minehead,,False,False,False,False,False,False
mirfield,,False,False,False,False,False,False
mitcham,,False,False,False,False,False,False
moffat,,False,False,False,False,False,False
moira,,False,False,False,False,False,False
mold,,False,False,False,False,False,False
moniaive,,False,False,False,False,False,False
monmouth,,False,False,False,False,False,False
montrose,,False,False,False,False,False,False
morecambe,,False,False,False,False,False,False
morecambe-town,,False,False,False,False,False,False
moretonhampstead,,False,False,False,False,False,False
morley,,False,False,False,False,False,False
morpeth,,False,False,False,False,False,False
motherwell,,False,False,False,False,False,False
mountain-ash,,False,False,False,False,False,False
musselburgh,,False,False,False,False,False,False
nailsworth,,False,False,False,False,False,False
nairn,,False,False,False,False,False,False
nantwich,,False,False,False,False,False,False
narberth,,False,False,False,False,False,False
neath,,False,False,False,False,False,False
nelson,,False,False,False,False,False,False
new-cross,,False,False,False,False,False,False
new-galloway,,False,False,False,False,False,False
new-quay-wales,,False,False,False,False,False,False
newark,,False,False,False,False,False,False
newburgh-fife,,False,False,False,False,False,False
newbury,,False,False,False,False,False,False
newcastle,title_empty_region; eyebrow_empty_region; hero_sub_empty_region; schema_empty_region,True,True,True,True,False,False
newcastle-county-down,,False,False,False,False,False,False
newcastle-ni,,False,False,False,False,False,False
newcastle-under-lyme,,False,False,False,False,False,False
newmarket,,False,False,False,False,False,False
newport-on-tay,,False,False,False,False,False,False
newport-wales,,False,False,False,False,False,False
newquay,,False,False,False,False,False,False
newry,,False,False,False,False,False,False
newry-town,,False,False,False,False,False,False
newton-mearns,,False,False,False,False,False,False
newton-stewart,,False,False,False,False,False,False
newtonmore,,False,False,False,False,False,False
newtown-powys,,False,False,False,False,False,False
newtownabbey,,False,False,False,False,False,False
newtownards,,False,False,False,False,False,False
newtownstewart,,False,False,False,False,False,False
north-berwick,,False,False,False,False,False,False
north-hykeham,,False,False,False,False,False,False
north-walsham,,False,False,False,False,False,False
northallerton,,False,False,False,False,False,False
northampton,,False,False,False,False,False,False
northleach,,False,False,False,False,False,False
northwich,,False,False,False,False,False,False
norwich,,False,False,False,False,False,False
norwood,,False,False,False,False,False,False
notting-hill,,False,False,False,False,False,False
nottingham,title_empty_region; eyebrow_empty_region; hero_sub_empty_region; schema_empty_region,True,True,True,True,False,False
nuneaton,,False,False,False,False,False,False
oakham,,False,False,False,False,False,False
oban,,False,False,False,False,False,False
odiham,,False,False,False,False,False,False
okehampton,,False,False,False,False,False,False
oldham,,False,False,False,False,False,False
ollerton,,False,False,False,False,False,False
omagh,,False,False,False,False,False,False
ormskirk,,False,False,False,False,False,False
ossett,,False,False,False,False,False,False
oswaldtwistle,,False,False,False,False,False,False
oswestry,,False,False,False,False,False,False
otley,,False,False,False,False,False,False
oxford,title_empty_region; eyebrow_empty_region; hero_sub_empty_region; schema_empty_region,True,True,True,True,False,False
padgate,,False,False,False,False,False,False
padiham,,False,False,False,False,False,False
padstow,,False,False,False,False,False,False
paisley,,False,False,False,False,False,False
palmers-green,,False,False,False,False,False,False
peckham,,False,False,False,False,False,False
peebles,,False,False,False,False,False,False
pelton,,False,False,False,False,False,False
pembroke,,False,False,False,False,False,False
penge,,False,False,False,False,False,False
penicuik,,False,False,False,False,False,False
penistone,,False,False,False,False,False,False
penrith,,False,False,False,False,False,False
penzance,,False,False,False,False,False,False
penzance-west,,False,False,False,False,False,False
perranporth,,False,False,False,False,False,False
pershore,,False,False,False,False,False,False
pershore-town,,False,False,False,False,False,False
perth,,False,False,False,False,False,False
peterborough,,False,False,False,False,False,False
peterhead,,False,False,False,False,False,False
peterlee,,False,False,False,False,False,False
petersfield,,False,False,False,False,False,False
petworth,,False,False,False,False,False,False
pewsey,,False,False,False,False,False,False
pickering,,False,False,False,False,False,False
pitenweem,,False,False,False,False,False,False
pitlochry,title_empty_region; eyebrow_empty_region; hero_sub_empty_region; schema_empty_region,True,True,True,True,False,False
pitlochry-area,,False,False,False,False,False,False
pitlochry-town,,False,False,False,False,False,False
plymouth,,False,False,False,False,False,False
pocklington,,False,False,False,False,False,False
pontefract,,False,False,False,False,False,False
ponteland,,False,False,False,False,False,False
pontypool,,False,False,False,False,False,False
pontypridd,,False,False,False,False,False,False
poole,,False,False,False,False,False,False
port-glasgow,,False,False,False,False,False,False
port-talbot,,False,False,False,False,False,False
portadown,,False,False,False,False,False,False
porthleven,,False,False,False,False,False,False
porthmadog,,False,False,False,False,False,False
portree,,False,False,False,False,False,False
portrush,,False,False,False,False,False,False
portsmouth,title_empty_region; eyebrow_empty_region; hero_sub_empty_region; schema_empty_region,True,True,True,True,False,False
portstewart,,False,False,False,False,False,False
poulton-le-fylde,,False,False,False,False,False,False
prescot,,False,False,False,False,False,False
presteigne,,False,False,False,False,False,False
prestwick,,False,False,False,False,False,False
prudhoe,,False,False,False,False,False,False
pudsey,,False,False,False,False,False,False
putney,,False,False,False,False,False,False
pwllheli,,False,False,False,False,False,False
ramsbottom,,False,False,False,False,False,False
ramsbottom-town,,False,False,False,False,False,False
ramsgate,,False,False,False,False,False,False
rawdon,,False,False,False,False,False,False
rawmarsh,,False,False,False,False,False,False
rawtenstall,,False,False,False,False,False,False
rayleigh,,False,False,False,False,False,False
reading,,False,False,False,False,False,False
redcar,,False,False,False,False,False,False
redditch,,False,False,False,False,False,False
redruth,,False,False,False,False,False,False
reigate,,False,False,False,False,False,False
reigate-town,,False,False,False,False,False,False
retford,,False,False,False,False,False,False
rhayader,,False,False,False,False,False,False
rhondda,,False,False,False,False,False,False
rhyl,,False,False,False,False,False,False
richmond,,False,False,False,False,False,False
richmond-yorkshire,,False,False,False,False,False,False
ringwood,,False,False,False,False,False,False
ripley-derbyshire,,False,False,False,False,False,False
ripon,,False,False,False,False,False,False
rishton,,False,False,False,False,False,False
rochdale,,False,False,False,False,False,False
rochester,,False,False,False,False,False,False
rochford,,False,False,False,False,False,False
romford,,False,False,False,False,False,False
romney-marsh,,False,False,False,False,False,False
ross-on-wye,,False,False,False,False,False,False
rosyth,,False,False,False,False,False,False
rotherham,,False,False,False,False,False,False
rothes,,False,False,False,False,False,False
rothesay,,False,False,False,False,False,False
rowley-regis,,False,False,False,False,False,False
royston,,False,False,False,False,False,False
royston-barnsley,,False,False,False,False,False,False
rugby,,False,False,False,False,False,False
ruislip,,False,False,False,False,False,False
runcorn,,False,False,False,False,False,False
ruthin,,False,False,False,False,False,False
sacriston,,False,False,False,False,False,False
saddleworth,,False,False,False,False,False,False
saffron-walden,,False,False,False,False,False,False
saintfield,,False,False,False,False,False,False
salcombe,,False,False,False,False,False,False
salford,,False,False,False,False,False,False
salisbury,,False,False,False,False,False,False
sandbach,,False,False,False,False,False,False
sandbach-town,,False,False,False,False,False,False
sandhurst,,False,False,False,False,False,False
sandiacre,,False,False,False,False,False,False
sanquhar,,False,False,False,False,False,False
saundersfoot,,False,False,False,False,False,False
sawbridgeworth,,False,False,False,False,False,False
saxmundham,,False,False,False,False,False,False
scarborough,,False,False,False,False,False,False
scunthorpe,,False,False,False,False,False,False
seaham,,False,False,False,False,False,False
selby,,False,False,False,False,False,False
selkirk,,False,False,False,False,False,False
settle,,False,False,False,False,False,False
sevenoaks,,False,False,False,False,False,False
sheffield,title_empty_region; eyebrow_empty_region; hero_sub_empty_region; schema_empty_region,True,True,True,True,False,False
shepshed,,False,False,False,False,False,False
shepton-mallet,,False,False,False,False,False,False
sherborne,,False,False,False,False,False,False
sheringham,,False,False,False,False,False,False
shildon,,False,False,False,False,False,False
shipley,,False,False,False,False,False,False
shipston-on-stour,,False,False,False,False,False,False
shoreditch,,False,False,False,False,False,False
shoreham-by-sea,,False,False,False,False,False,False
shrewsbury,,False,False,False,False,False,False
sidcup,,False,False,False,False,False,False
sidmouth,,False,False,False,False,False,False
sittingbourne,,False,False,False,False,False,False
skegness,,False,False,False,False,False,False
skelmersdale,,False,False,False,False,False,False
skipton,,False,False,False,False,False,False
sleaford,,False,False,False,False,False,False
slough,,False,False,False,False,False,False
smethwick,,False,False,False,False,False,False
solihull,,False,False,False,False,False,False
south-bank,,False,False,False,False,False,False
south-elmsall,,False,False,False,False,False,False
south-molton,,False,False,False,False,False,False
south-shields,,False,False,False,False,False,False
southam,,False,False,False,False,False,False
southampton,title_empty_region; eyebrow_empty_region; hero_sub_empty_region; schema_empty_region,True,True,True,True,False,False
southend-on-sea,,False,False,False,False,False,False
southgate,,False,False,False,False,False,False
southport,,False,False,False,False,False,False
southwark,,False,False,False,False,False,False
sowerby-bridge,,False,False,False,False,False,False
spalding,,False,False,False,False,False,False
spennymoor,,False,False,False,False,False,False
spilsby,,False,False,False,False,False,False
st-albans,,False,False,False,False,False,False
st-andrews,title_empty_region; eyebrow_empty_region; hero_sub_empty_region; schema_empty_region,True,True,True,True,False,False
st-andrews-town,,False,False,False,False,False,False
st-austell,,False,False,False,False,False,False
st-davids,,False,False,False,False,False,False
st-helens,,False,False,False,False,False,False
st-ives,title_empty_region; eyebrow_empty_region; hero_sub_empty_region; schema_empty_region,True,True,True,True,False,False
st-neots,,False,False,False,False,False,False
stafford,,False,False,False,False,False,False
stalybridge,,False,False,False,False,False,False
stamford,,False,False,False,False,False,False
stamford-town,,False,False,False,False,False,False
stanley,,False,False,False,False,False,False
stanmore,,False,False,False,False,False,False
stevenage,,False,False,False,False,False,False
steyning,,False,False,False,False,False,False
stirling,,False,False,False,False,False,False
stockport,,False,False,False,False,False,False
stockton-on-tees,,False,False,False,False,False,False
stoke-on-trent,title_empty_region; eyebrow_empty_region; hero_sub_empty_region; schema_empty_region,True,True,True,True,False,False
stonehaven,,False,False,False,False,False,False
stornoway,,False,False,False,False,False,False
stourbridge,,False,False,False,False,False,False
stourport-on-severn,,False,False,False,False,False,False
stow-on-the-wold,,False,False,False,False,False,False
strabane,,False,False,False,False,False,False
stranraer,,False,False,False,False,False,False
stratford-london,,False,False,False,False,False,False
stratford-upon-avon,,False,False,False,False,False,False
streatham,,False,False,False,False,False,False
stroud,,False,False,False,False,False,False
stroud-town,,False,False,False,False,False,False
sudbury,,False,False,False,False,False,False
sunderland,,False,False,False,False,False,False
surbiton,,False,False,False,False,False,False
sutton,,False,False,False,False,False,False
sutton-coldfield,,False,False,False,False,False,False
sutton-in-ashfield,,False,False,False,False,False,False
swadlincote,,False,False,False,False,False,False
swaffham,,False,False,False,False,False,False
swanage,,False,False,False,False,False,False
swanley,,False,False,False,False,False,False
swansea,,False,False,False,False,False,False
swindon,,False,False,False,False,False,False
swinton-south-yorkshire,,False,False,False,False,False,False
tadcaster,,False,False,False,False,False,False
tain,,False,False,False,False,False,False
tamworth,,False,False,False,False,False,False
taunton,,False,False,False,False,False,False
tavistock,,False,False,False,False,False,False
tayport,,False,False,False,False,False,False
teignmouth,,False,False,False,False,False,False
telford,,False,False,False,False,False,False
tempo,,False,False,False,False,False,False
tenby,,False,False,False,False,False,False
tenterden,,False,False,False,False,False,False
tetbury,,False,False,False,False,False,False
tewkesbury,,False,False,False,False,False,False
thame,,False,False,False,False,False,False
thetford,,False,False,False,False,False,False
thirsk,,False,False,False,False,False,False
thornbury,,False,False,False,False,False,False
thurnscoe,,False,False,False,False,False,False
thurso,,False,False,False,False,False,False
tidworth,,False,False,False,False,False,False
tipton,,False,False,False,False,False,False
tiverton,,False,False,False,False,False,False
tiverton-town,,False,False,False,False,False,False
tividale,,False,False,False,False,False,False
tobermory,,False,False,False,False,False,False
tonbridge,,False,False,False,False,False,False
toome,,False,False,False,False,False,False
tooting,,False,False,False,False,False,False
torquay,,False,False,False,False,False,False
totnes,title_empty_region; eyebrow_empty_region; hero_sub_empty_region; schema_empty_region,True,True,True,True,False,False
tottenham,,False,False,False,False,False,False
tottington,,False,False,False,False,False,False
towcester,,False,False,False,False,False,False
tredegar,,False,False,False,False,False,False
troon,,False,False,False,False,False,False
truro,,False,False,False,False,False,False
tunbridge-wells,,False,False,False,False,False,False
turriff,,False,False,False,False,False,False
twickenham,,False,False,False,False,False,False
tyldesley,,False,False,False,False,False,False
tynemouth,,False,False,False,False,False,False
tywyn,,False,False,False,False,False,False
uckfield,,False,False,False,False,False,False
ullapool,,False,False,False,False,False,False
ulverston,,False,False,False,False,False,False
ulverston-town,,False,False,False,False,False,False
upminster,,False,False,False,False,False,False
upton-severn,,False,False,False,False,False,False
upton-upon-severn,,False,False,False,False,False,False
uxbridge,,False,False,False,False,False,False
wadebridge,,False,False,False,False,False,False
wakefield,,False,False,False,False,False,False
wallsend,,False,False,False,False,False,False
walsall,,False,False,False,False,False,False
walthamstow,,False,False,False,False,False,False
walton-on-thames,,False,False,False,False,False,False
wandsworth,,False,False,False,False,False,False
wantage,,False,False,False,False,False,False
ware,,False,False,False,False,False,False
wareham,,False,False,False,False,False,False
wareham-town,,False,False,False,False,False,False
warminster,,False,False,False,False,False,False
warrenpoint,,False,False,False,False,False,False
warrington,,False,False,False,False,False,False
warwick,,False,False,False,False,False,False
washington,,False,False,False,False,False,False
watchet,,False,False,False,False,False,False
waterlooville,,False,False,False,False,False,False
watford,,False,False,False,False,False,False
wednesbury,,False,False,False,False,False,False
wednesfield,,False,False,False,False,False,False
wellingborough,,False,False,False,False,False,False
wells,,False,False,False,False,False,False
wells-next-the-sea,,False,False,False,False,False,False
welshpool,,False,False,False,False,False,False
welshpool-town,,False,False,False,False,False,False
welwyn-garden-city,,False,False,False,False,False,False
wem,,False,False,False,False,False,False
wembley,,False,False,False,False,False,False
wendover,,False,False,False,False,False,False
west-bromwich,,False,False,False,False,False,False
west-ham,,False,False,False,False,False,False
westerham,,False,False,False,False,False,False
weston-super-mare,,False,False,False,False,False,False
wetherby,,False,False,False,False,False,False
weymouth,,False,False,False,False,False,False
whickham,,False,False,False,False,False,False
whitby,,False,False,False,False,False,False
whitehaven,,False,False,False,False,False,False
whithorn,,False,False,False,False,False,False
whitley-bay,,False,False,False,False,False,False
whitley-bay-town,,False,False,False,False,False,False
whitstable,,False,False,False,False,False,False
wick,,False,False,False,False,False,False
widnes,,False,False,False,False,False,False
wigan,,False,False,False,False,False,False
wigtown,,False,False,False,False,False,False
willenhall,,False,False,False,False,False,False
wilmslow,,False,False,False,False,False,False
wimbledon,,False,False,False,False,False,False
wimborne-minster,,False,False,False,False,False,False
wincanton,,False,False,False,False,False,False
winchester,title_empty_region; eyebrow_empty_region; hero_sub_empty_region; schema_empty_region,True,True,True,True,False,False
windermere,title_empty_region; eyebrow_empty_region; hero_sub_empty_region; schema_empty_region,True,True,True,True,False,False
windsor,,False,False,False,False,False,False
withernsea,,False,False,False,False,False,False
witney,,False,False,False,False,False,False
witton-gilbert,,False,False,False,False,False,False
woking,,False,False,False,False,False,False
wokingham,,False,False,False,False,False,False
wolverhampton,,False,False,False,False,False,False
wombwell,,False,False,False,False,False,False
wood-green,,False,False,False,False,False,False
woodbridge,,False,False,False,False,False,False
woodstock,,False,False,False,False,False,False
worcester,,False,False,False,False,False,False
workington,,False,False,False,False,False,False
worksop,,False,False,False,False,False,False
worthing,,False,False,False,False,False,False
wrexham,,False,False,False,False,False,False
wrexham-town,,False,False,False,False,False,False
wymondham,,False,False,False,False,False,False
yarm,,False,False,False,False,False,False
yeadon,,False,False,False,False,False,False
yeovil,,False,False,False,False,False,False
york,,False,False,False,False,False,False
ystradgynlais,,False,False,False,False,False,False
